family,queries,clicks,impressions,avg_position,top_queries,target_page,current_state,action,priority,ref
Islas Turcas y Caicos,125,6,5779,13.7,hoteles en islas turcas y caicos; hoteles en turks and caicos; islas turcas y caicos hoteles,/countries/64/{slug} (legacy: browse_country.cfm?countryid=64),Top landing page is on a legacy URL that serves home content,"301 the legacy URL, publish hub copy there, fix Ambergris Cay text",P1,"Z1, Z28"
Londres,126,0,1038,20.8,habitaciones en the chesterfield mayfair; hoteles de 5 estrellas en londres; dorchester collection,City page /cities/{id}/ (ID from CMS),"Queries for Mayfair, Dorchester, Chesterfield; Spanish and English",City hub copy; Spanish place name 'Londres',P1,new
Four Seasons,292,0,932,25.2,four seasons madrid; four seasons puxi; four seasons,/chains/2/four_seasons.html (and /collection/2/ variants),3 URL variants; English title; position 25,"One canonical, Spanish title, chain copy (141 hotels, 10 FAQ)",P1,"Z2, Z14"
Aman,98,3,895,16.9,aman hotels; hoteles aman en el mundo; aman resorts,/chains/21/Aman_Resorts.html,3 URL variants for ID 21 (812 + 331 + 47 impressions); position 17,One canonical; chain page copy modelled on Four Seasons; Aman hotel pages link up,P1,new
Miami,35,0,88,31.4,hotel the miami beach; hotel beaux arts miami; the edition miami,/cities/168/Miami.html,Hub drafted; hotels split across city records,Publish hub in place; related-areas block,P1,Z18
Nueva York,45,0,86,26.6,hotel plaza new york; hotel plaza nueva york; casa cipriani new york,/cities/192/new_york.html,Head term has 103 impressions; hub drafted,Publish hub in place,P1,Z5
Madrid,21,0,35,27.7,hesperia madrid; hotel thompson madrid; hotel exclusivo madrid,/hotels/3897/ (Four Seasons Hotel Madrid) and a Madrid city page,'four seasons madrid' is the top Four Seasons query; hotel page has no content,Publish drafted hotel page; add Madrid city copy,P1,Z14
Fairmont,260,0,821,39.8,fairmont hotels; fairmont hotels & resorts; fairmont hotels and resorts,/collection/1/ (slug names a loyalty program: Fairmont_Hotels_under_Accor's_HERA_Program),Slug carries a partner-program name; 2 variants; position 40,Rename to a clean slug with a 301; chain copy; link from hotel pages,P2,new
París,128,0,530,26.1,hoteles de 5 estrellas en parís; hotel san regis paris; hoteles 5 estrellas en paris,City page /cities/{id}/ (ID from CMS),Queries like 'hoteles de 5 estrellas en parís'; position 26,City hub copy like Miami and New York,P2,new
Ritz-Carlton,204,0,489,27.9,hotel ritz paris; nujuma a ritz-carlton reserve; mandarin oriental vs ritz carlton munich,/chains/13/ritz_carlton.html,Position 28; Hotel Arts Barcelona listed under it,Chain copy; fix chain membership (Z22),P2,Z22
Hyatt,224,0,466,19.9,hyatt prive; park hyatt busan; grand hyatt tokyo,Chain page (ID from CMS),"Position 19; brand terms (Prive, Park Hyatt, Grand Hyatt)",Chain copy; one canonical per brand,P2,new
Marriott / Kimpton / Peninsula brands,648,1,2418,26.5,kimpton hotels; renaissance hotels; jw marriott guanacaste resort & spa,Chain pages (IDs from CMS),"Brand and program queries, positions mostly deep",Chain copy after the first three chains,P3,new
Necker Island,15,0,333,12.3,necker island; isla necker hoteles; hoteles necker island,/hotels/964/ (3 slug variants),333 impressions on 3 URLs,Consolidate slugs; hotel copy,P3,Z29
Barcelona,58,0,146,33.6,hotel arts barcelona; hotel palace barcelona; sls barcelona,City page /cities/{id}/ (ID from CMS),"Position 34; Hotel Arts, Palace, SLS",City hub copy,P3,new
