page,url,h1,seo_title,title_len,meta_description,desc_len,target_query
Home,/,(existing H1),Hoteles de lujo de 5 estrellas en el mundo | Solo5Estrellas,59,"Reserve hoteles de lujo en todo el mundo con desayuno para dos, crédito de hotel y mejora de categoría. Solo5Estrellas, de Lorraine Travel desde 1948.",150,hoteles de lujo
Country: Islas Turcas y Caicos,/countries/64/{slug} (301 from browse_country.cfm?countryid=64),Hoteles de lujo en Islas Turcas y Caicos (Turks and Caicos),Hoteles de lujo en Islas Turcas y Caicos | Solo5Estrellas,57,"15 hoteles de lujo en Islas Turcas y Caicos (Turks and Caicos): Grace Bay, islas privadas y villas. Compare zonas y reserve con desayuno para dos.",146,hoteles en islas turcas y caicos
City: Nueva York,/cities/192/new_york.html,Hoteles de lujo en Nueva York,Hoteles de lujo en Nueva York | Solo5Estrellas,46,"Compare hoteles de lujo en Nueva York por zona: Midtown, Upper East Side, Tribeca, Brooklyn. Reserve con beneficios exclusivos de Solo5Estrellas.",145,hoteles en nueva york
City: Miami,/cities/168/Miami.html,Hoteles de lujo en Miami,Hoteles de lujo en Miami | Solo5Estrellas,41,"Compare hoteles de lujo en Miami por zona: South Beach, Mid-Beach, Brickell, Coconut Grove y Coral Gables. Reserve con beneficios de Solo5Estrellas.",148,hoteles en miami
City: Londres,/cities/150/london.html,Hoteles de lujo en Londres,Hoteles de lujo en Londres | Solo5Estrellas,43,"Compare hoteles de lujo en Londres por zona: Mayfair, St James's, Knightsbridge, Covent Garden y la City. Reserve con beneficios de Solo5Estrellas.",147,hoteles en londres
City: París,/cities/207/paris.html,Hoteles de lujo en París,Hoteles de lujo en París | Solo5Estrellas,41,"Compare hoteles de lujo en París por barrio: Triángulo de Oro, Tullerías, Saint-Germain y Torre Eiffel. Reserve con beneficios de Solo5Estrellas.",145,hoteles en parís
Chain: Four Seasons,/chains/2/four_seasons.html (one canonical; /hoteles-four-seasons/ only if the developer prefers a new URL),Hoteles Four Seasons: 141 hoteles con desayuno para dos y crédito de hotel,Hoteles Four Seasons: beneficios exclusivos | Solo5Estrellas,60,"Reserve 141 hoteles Four Seasons en 47 países y territorios con desayuno para dos, crédito de hotel y mejora de categoría, a la misma tarifa publicada.",151,hoteles four seasons
Chain: Aman,/chains/21/Aman_Resorts.html (one canonical),Hoteles Aman: 20 resorts con desayuno para dos y crédito de hotel,Hoteles Aman: beneficios exclusivos | Solo5Estrellas,52,"Reserve 20 hoteles Aman en 14 países con desayuno para dos, crédito de hotel y mejora de categoría, a la misma tarifa publicada.",128,hoteles aman
Chain: Fairmont,"/collection/1/ (clean slug, 301 from the HERA-Program slugs)",Hoteles Fairmont: 79 hoteles con desayuno para dos y crédito de hotel,Hoteles Fairmont: beneficios exclusivos | Solo5Estrellas,56,"Reserve 79 hoteles Fairmont en 29 países y territorios con desayuno para dos, crédito de hotel y mejora de categoría, a la misma tarifa publicada.",146,hoteles fairmont
Chain: Raffles,"/collection/11/ (clean slug, 301 from the Accor-HERA slug)",Hoteles Raffles: 21 hoteles con desayuno para dos y crédito de hotel,Hoteles Raffles: beneficios exclusivos | Solo5Estrellas,55,"Reserve 21 hoteles Raffles en 16 países con desayuno para dos, crédito de hotel y mejora de categoría, a la misma tarifa publicada.",131,hoteles raffles
Chain: Bulgari,"/collection/71/ (clean slug, 301 from the Marriott-STARS-Program slugs)",Hoteles Bulgari: 9 hoteles con desayuno para dos y crédito de hotel,Hoteles Bulgari: beneficios exclusivos | Solo5Estrellas,55,"Reserve 9 hoteles Bulgari en 7 países con desayuno para dos, crédito de hotel y mejora de categoría, y siga sumando puntos Marriott Bonvoy.",139,hoteles bulgari
Chain: Peninsula,"/collection/9/ (clean slug, 301 from the Pen-Club-Program slugs)",Hoteles The Peninsula: 12 hoteles con desayuno para dos y crédito de hotel,Hoteles Peninsula: beneficios exclusivos | Solo5Estrellas,57,"Reserve 12 hoteles The Peninsula en 8 países con desayuno para dos, crédito de hotel y mejora de categoría, a la misma tarifa publicada.",136,hoteles peninsula
Chain: Kimpton,"/collection/87/ (clean slug, 301 from the IHG-Destined slugs)",Hoteles Kimpton: 28 hoteles con desayuno para dos y crédito de hotel,Hoteles Kimpton: beneficios exclusivos | Solo5Estrellas,55,"Reserve 28 hoteles Kimpton en 11 países y territorios con desayuno para dos, crédito de hotel y mejora de categoría, a la misma tarifa publicada.",145,hoteles kimpton
Chain: Dorchester Collection,"/collection/37/ (clean slug, 301 from the Diamond-Club-Program slugs)",Hoteles Dorchester Collection: 9 hoteles con desayuno para dos y crédito de hotel,Hoteles Dorchester Collection | Solo5Estrellas,46,"Reserve 9 hoteles Dorchester Collection en 5 países con desayuno para dos, crédito de hotel y mejora de categoría, a la misma tarifa publicada.",143,dorchester collection
Hotel: Four Seasons Hotel Madrid,/hotels/3897/,Four Seasons Hotel Madrid,Four Seasons Hotel Madrid: beneficios | Solo5Estrellas,54,"Reserve el Four Seasons Hotel Madrid, en Centro Canalejas, con desayuno para dos, crédito de hotel y mejora de categoría. Solo5Estrellas.",137,hotel four seasons madrid
Hotel: Ambergris Cay,/hotels/6860/ambergris-cay-all-inclusive.html,Ambergris Cay - All Inclusive,Ambergris Cay - All Inclusive | Solo5Estrellas,46,"Reserve Ambergris Cay - All Inclusive, isla privada en Islas Turcas y Caicos, con desayuno para dos, crédito de hotel y mejora de categoría.",140,ambergris cay turks and caicos
Guide (new page),/guias/four-seasons-vs-ritz-carlton/,"Four Seasons vs Ritz-Carlton: diferencias, beneficios y cuál elegir",Four Seasons vs Ritz-Carlton: cuál elegir | Solo5Estrellas,58,"Compare Four Seasons y Ritz-Carlton: beneficios, puntos y hoteles en México, España y EE. UU. Reserve con las ventajas de Solo5Estrellas.",137,four seasons vs ritz carlton
