from,to_301,target_source,clicks,impressions
/browse_country.cfm?countryid=64,/countries/64/{slug from database},needs slug from database,29,8384
/browse_country.cfm?countryid=50,/countries/50/{slug from database},needs slug from database,0,22
/browse_country.cfm?countryid=138,/countries/138/{slug from database},needs slug from database,1,21
/browse_hotel.cfm?hotelID=6745,/hotels/6745/six-senses-yao-noi.html,site link,0,19
/browse_hotel.cfm?hotelID=6245,/hotels/6245/six-senses-ibiza.html,site link,0,16
/browse_city.cfm?cityid=1450,/cities/1450/escazu.html,derived,0,15
/browse_city.cfm?cityid=898,/cities/898/{slug from database},needs slug from database,0,9
/browse_city.cfm?cityid=740,/cities/740/{slug from database},needs slug from database,0,9
/browse_hotel.cfm?hotelID=1096,/hotels/1096/four-seasons-paris-george-v.html,site link,0,8
/browse_region.cfm?regionid=5,/regions/5/oceania.html,site link,0,8
/browse_hotel.cfm?hotelID=6779,/hotels/6779/rosewood-miyakojima.html,site link,0,8
/browse_hotel.cfm?hotelID=6336,/hotels/6336/six-senses-crans-montana.html,site link,0,6
/browse_hotel.cfm?hotelID=2265,/hotels/2265/rosewood-castiglion-del-bosco.html,site link,0,6
/browse_city.cfm?cityid=437,/cities/437/san-juan.html,derived,0,5
/browse_hotel.cfm?hotelID=6617,/hotels/6617/fauchon-l-hotel-kyoto.html,site link,0,5
/browse_hotel.cfm?hotelID=4768,/hotels/4768/intercontinental-barcelona.html,site link,0,5
/browse_country.cfm?countryid=58,/countries/58/{slug from database},needs slug from database,0,4
/browse_hotel.cfm?hotelID=3992,/hotels/3992/intercontinental-bangkok.html,site link,0,3
/browse_hotel.cfm?hotelID=1359,/hotels/1359/intercontinental-paris-le-grand-hotel-.html,site link,0,3
/browse_country.cfm?countryid=71,/countries/71/{slug from database},needs slug from database,0,3
/browse_hotel.cfm?hotelID=6423,/hotels/6423/kimpton-grand-roatan-resort-spa.html,site link,0,3
/browse_hotel.cfm?hotelID=6334,/hotels/6334/six-senses-shaharut.html,site link,0,3
/browse_city.cfm?cityid=860,/cities/860/{slug from database},needs slug from database,0,3
/browse_hotel.cfm?hotelID=6306,/hotels/6306/kimpton-aysla-mallorca.html,site link,0,3
/browse_country.cfm?countryid=62,/countries/62/{slug from database},needs slug from database,0,2
/browse_hotel.cfm?hotelID=4792,/hotels/4792/intercontinental-kuala-lumpur.html,site link,0,2
/browse_country.cfm?countryid=47,/countries/47/{slug from database},needs slug from database,0,2
/browse_country.cfm?countryid=18,/countries/18/{slug from database},needs slug from database,0,2
/browse_country.cfm?countryid=32,/countries/32/{slug from database},needs slug from database,0,2
/browse_hotel.cfm?hotelID=6388,/hotels/6388/regent-hong-kong.html,site link,0,2
/browse_country.cfm?countryid=14,/countries/14/{slug from database},needs slug from database,0,2
/browse_hotel.cfm?hotelID=5045,/hotels/5045/intercontinental-ras-al-khaimah-mina-al-arab-resort-spa.html,site link,0,1
/browse_country.cfm?countryid=154,/countries/154/{slug from database},needs slug from database,0,1
/browse_country.cfm?countryid=95,/countries/95/{slug from database},needs slug from database,0,1
/browse_country.cfm?countryid=161,/countries/161/{slug from database},needs slug from database,0,1
/browse_hotel.cfm?hotelID=4791,/hotels/4791/intercontinental-jakarta-pondok-indah.html,site link,0,1
/browse_hotel.cfm?hotelID=1418,/hotels/1418/sensei-lanai-a-four-seasons-resort.html,site link,0,1
/browse_hotel.cfm?hotelID=6792,/hotels/6792/st-regis-aruba-resort.html,site link,0,1
/browse_hotel.cfm?hotelID=3993,/hotels/3993/intercontinental-resort-hua-hin.html,site link,0,1
/browse_hotel.cfm?hotelID=6739,/hotels/6739/six-senses-bhutan.html,site link,0,1
/browse_hotel.cfm?hotelID=4009,/hotels/4009/intercontinental-kunming.html,site link,0,1
/browse_hotel.cfm?hotelID=4000,/hotels/4000/intercontinental-doha-beach.html,site link,0,1
/browse_hotel.cfm?hotelID=6092,/hotels/6092/mandarin-oriental-bodrum.html,site link,0,1
/browse_hotel.cfm?hotelID=4786,/hotels/4786/intercontinental-doha-the-city.html,site link,0,1
/browse_hotel.cfm?hotelID=6754,/hotels/6754/sindhorn-midtown-hotel-vignette-coll.html,site link,0,1
/browse_hotel.cfm?hotelID=1448,/hotels/1448/hotel-de-crillon.html,site link,0,1
/browse_hotel.cfm?hotelID=4031,/hotels/4031/hotel-indigo-bali-seminyak-beach-.html,site link,0,1
/browse_hotel.cfm?hotelID=3133,/hotels/3133/four-seasons-resort-anguilla-.html,site link,0,1
