template,example,title,title_len,description,desc_len,title_variant
Home,/,Hoteles de lujo de 5 estrellas en el mundo | Solo5Estrellas,59,"Reserve hoteles de lujo en todo el mundo con desayuno para dos, crédito de hotel y mejora de categoría. Solo5Estrellas, de Lorraine Travel desde 1948.",150,
Hotel (perks known),Four Seasons Hotel Madrid,Four Seasons Hotel Madrid | Solo5Estrellas,42,"Reserve Four Seasons Hotel Madrid en Madrid con desayuno para dos, crédito de hotel y mejora de categoría. Solo5Estrellas, de Lorraine Travel.",142,B
Hotel (perks known),Ambergris Cay - All Inclusive,Ambergris Cay - All Inclusive | Solo5Estrellas,46,"Reserve Ambergris Cay - All Inclusive en Ambergris Cay con desayuno para dos, crédito de hotel y mejora de categoría. Solo5Estrellas, de Lorraine Travel.",153,B
Hotel (perks known),"The Ritz-Carlton Residences, Waikiki Beach","The Ritz-Carlton Residences, Waikiki Beach | Solo5Estrellas",59,"Reserve The Ritz-Carlton Residences, Waikiki Beach en Honolulu con desayuno para dos, crédito de hotel y mejora de categoría. Solo5Estrellas, de Lorraine",153,B
Hotel (perks unknown),Amangani,"Amangani, Jackson: beneficios exclusivos | Solo5Estrellas",57,"Reserve Amangani en Jackson, Estados Unidos, con los beneficios exclusivos de Solo5Estrellas, operado por Lorraine Travel.",122,A
City,Nueva York,Hoteles de lujo en Nueva York | Solo5Estrellas,46,"Compare 67 hoteles de lujo en Nueva York y reserve con beneficios exclusivos. Solo5Estrellas, de Lorraine Travel desde 1948.",124,
Country,Islas Turcas y Caicos,Hoteles de lujo en Islas Turcas y Caicos | Solo5Estrellas,57,"Compare 15 hoteles de lujo en Islas Turcas y Caicos y reserve con beneficios exclusivos de Solo5Estrellas, operado por Lorraine Travel.",135,
Region,Europa,Hoteles de lujo en Europa | Solo5Estrellas,42,"Compare hoteles de lujo en Europa y reserve con beneficios exclusivos de Solo5Estrellas, operado por Lorraine Travel.",117,
Chain / collection,Four Seasons,Hoteles Four Seasons: beneficios exclusivos | Solo5Estrellas,60,"Reserve 141 hoteles Four Seasons en 47 países con desayuno para dos, crédito de hotel y mejora de categoría, a la misma tarifa publicada.",137,A
Chain / collection,The Ritz-Carlton,Hoteles The Ritz-Carlton | Solo5Estrellas,41,"Reserve 116 hoteles The Ritz-Carlton en 35 países con desayuno para dos, crédito de hotel y mejora de categoría, a la misma tarifa publicada.",141,B
Static page,/collection/,La colección: hoteles de lujo | Solo5Estrellas,46,"Explore la colección de hoteles de lujo de Solo5Estrellas y reserve con desayuno para dos, crédito de hotel y mejora de categoría.",130,
Static page,/destinations/,Destinos de lujo en el mundo | Solo5Estrellas,45,"Elija su destino entre ciudades, países y regiones con hoteles de lujo y reserve con beneficios exclusivos de Solo5Estrellas.",125,
Static page,/specials/,Ofertas en hoteles de lujo | Solo5Estrellas,43,"Consulte ofertas vigentes en hoteles de lujo y reserve con las ventajas de Solo5Estrellas, operado por Lorraine Travel.",119,
Static page,/homes/,Villas y residencias de lujo | Solo5Estrellas,45,"Villas y residencias de lujo para estancias privadas. Reserve con Solo5Estrellas, de Lorraine Travel desde 1948.",112,
Static page,/faq.cfm,Preguntas frecuentes | Solo5Estrellas,37,"Respuestas sobre reservas, beneficios, tarifas y pagos en Solo5Estrellas, el servicio de Lorraine Travel.",105,
Static page,/company.cfm,Quiénes somos: Lorraine Travel desde 1948 | Solo5Estrellas,58,Lorraine Travel es agencia de viajes de lujo desde 1948 y opera Solo5Estrellas. Conozca nuestra historia y a nuestro equipo.,124,
Static page,/testimonials.cfm,Testimonios de clientes | Solo5Estrellas,40,"Lea lo que dicen los clientes que reservaron hoteles de lujo con Solo5Estrellas, operado por Lorraine Travel.",109,
Static page,/guarantee.cfm,Nuestra garantía | Solo5Estrellas,33,Conozca la garantía de Solo5Estrellas: tarifa publicada del hotel y beneficios exclusivos confirmados por Lorraine Travel.,122,
Static page,/contact.cfm,Contacto | Solo5Estrellas,25,"Escriba o llame al equipo de Solo5Estrellas, de Lorraine Travel, para planear su estancia en un hotel de lujo.",110,
Static page,/nearby-hotels/,Hoteles de lujo para una escapada en coche | Solo5Estrellas,59,Encuentre hoteles de lujo cerca de usted para una escapada en coche y reserve con beneficios exclusivos de Solo5Estrellas.,122,
Static page,/hotels-by-flight-time/,Hoteles de lujo por duración del vuelo | Solo5Estrellas,55,Busque hoteles de lujo según la duración del vuelo desde su ciudad y reserve con beneficios exclusivos de Solo5Estrellas.,121,
