collection_id,current_name,brand,hotels_in_list,countries_in_list,page_text_says,programme,new_title,title_len,title_variant,new_description,desc_len,flags,current_title
79,The Signature Collection,The Signature Collection,429,66,436/65,,Hoteles The Signature Collection | Solo5Estrellas,49,B,"Reserve 429 hoteles The Signature Collection en 66 países con desayuno para dos, crédito de hotel y mejora de categoría, a la misma tarifa publicada.",149,Z42 count mismatch,The Signature Collection Preferred Partner | Official Excusive Perks | Solo 5 Estrellas po
47,Small Luxury Hotels of The World,Small Luxury Hotels of The World,287,61,286/60,Small Luxury Hotels of the World preferred partner program.,Hoteles Small Luxury Hotels of The World | Solo5Estrellas,57,B,"Reserve 287 hoteles Small Luxury Hotels of The World en 61 países con desayuno para dos, crédito de hotel y mejora de categoría.",128,Z42 count mismatch,Small Luxury Hotels of The World Preferred Partner | Official Excusive Perks | Solo 5 Estr
68,Autograph Collection under the Marriott Luminous Program,Autograph Collection,158,35,152/33,"Marriott Luminous, gestionado por Marriott International.",Hoteles Autograph Collection | Solo5Estrellas,45,B,"Reserve 158 hoteles Autograph Collection en 35 países con desayuno para dos, crédito de hotel y mejora de categoría, a la misma tarifa publicada.",145,Z39 programme in slug; Z42 count mismatch,Autograph Collection under the Marriott Luminous Program Preferred Partner | Official Excu
25,Preferred Hotels & Resorts under The Preferred Platinum Program,Preferred Hotels & Resorts,143,33,146/32,Preferred Platinum.,Hoteles Preferred Hotels & Resorts | Solo5Estrellas,51,B,"Reserve 143 hoteles Preferred Hotels & Resorts en 33 países con desayuno para dos, crédito de hotel y mejora de categoría, a la misma tarifa publicada.",151,Z39 programme in slug; Z42 count mismatch,Preferred Hotels & Resorts under The Preferred Platinum Program Preferred Partner | Offici
2,Four Seasons,Four Seasons,141,47,141/46,Four Seasons Preferred Partner.,Hoteles Four Seasons: beneficios exclusivos | Solo5Estrellas,60,A,"Reserve 141 hoteles Four Seasons en 47 países con desayuno para dos, crédito de hotel y mejora de categoría, a la misma tarifa publicada.",137,Z42 count mismatch,Four Seasons Preferred Partner | Official Excusive Perks | Solo 5 Estrellas por Lorraine T
38,Leading Hotels of the World,Leading Hotels of the World,135,34,136/33,"Leading Hotels of the World preferred partner program, gestionado por The Leading Hotels of the World.",Hoteles Leading Hotels of the World | Solo5Estrellas,52,B,"Reserve 135 hoteles Leading Hotels of the World en 34 países con desayuno para dos, crédito de hotel y mejora de categoría, a la misma tarifa publicada.",152,Z42 count mismatch,Leading Hotels of the World Preferred Partner | Official Excusive Perks | Solo 5 Estrellas
13,Ritz Carlton Hotels & Resorts under Marriott's STARS Program,The Ritz-Carlton,115,35,116/34,"Marriott STARS, gestionado por Marriott International.",Hoteles The Ritz-Carlton | Solo5Estrellas,41,B,"Reserve 115 hoteles The Ritz-Carlton en 35 países con desayuno para dos, crédito de hotel y mejora de categoría, a la misma tarifa publicada.",141,Z39 programme in slug; Z42 count mismatch,Ritz Carlton Hotels & Resorts under Marriott's STARS Program Preferred Partner | Official 
51,The Luxury Collection under the Marriott STARS Program,The Luxury Collection,98,36,101/35,"Marriott STARS, gestionado por Marriott International.",Hoteles The Luxury Collection | Solo5Estrellas,46,B,"Reserve 98 hoteles The Luxury Collection en 36 países con desayuno para dos, crédito de hotel y mejora de categoría, a la misma tarifa publicada.",145,Z39 programme in slug; Z42 count mismatch,The Luxury Collection under the Marriott STARS Program Preferred Partner | Official Excusi
15,InterContinental Hotels & Resorts under The IHG Destined Program,InterContinental,93,40,93/39,"IHG Destined, gestionado por IHG Hotels & Resorts.",Hoteles InterContinental | Solo5Estrellas,41,B,"Reserve 93 hoteles InterContinental en 40 países con desayuno para dos, crédito de hotel y mejora de categoría, a la misma tarifa publicada.",140,Z39 programme in slug; Z42 count mismatch,InterContinental Hotels & Resorts under The IHG Destined Program Preferred Partner | Offic
67,JW Marriott Hotel under Marriott's Luminous Progam,JW Marriott,81,35,80/34,"Marriott Luminous, gestionado por Marriott International.",Hoteles JW Marriott: beneficios exclusivos | Solo5Estrellas,59,A,"Reserve 81 hoteles JW Marriott en 35 países con desayuno para dos, crédito de hotel y mejora de categoría, a la misma tarifa publicada.",135,Z39 programme in slug; Z42 count mismatch,JW Marriott Hotel under Marriott's Luminous Progam Preferred Partner | Official Excusive P
1,Fairmont Hotels under Accor's HERA Program,Fairmont,80,30,79/29,"Accor Hera, gestionado por Accor.",Hoteles Fairmont: beneficios exclusivos | Solo5Estrellas,56,A,"Reserve 80 hoteles Fairmont en 30 países con desayuno para dos, crédito de hotel y mejora de categoría, a la misma tarifa publicada.",132,Z37 programme name; Z39 programme in slug; Z42 count mismatch,Fairmont Hotels under Accor's HERA Program Preferred Partner | Official Excusive Perks | S
69,Marriott Hotels & Resorts Under Marriott's Luminous Program,Marriott,73,26,72/27,Marriott Luminous.,Hoteles Marriott: beneficios exclusivos | Solo5Estrellas,56,A,"Reserve 73 hoteles Marriott en 26 países con desayuno para dos, crédito de hotel y mejora de categoría, a la misma tarifa publicada.",132,Z39 programme in slug; Z42 count mismatch,Marriott Hotels & Resorts Under Marriott's Luminous Program Preferred Partner | Official E
29,Hyatt Regency Hotels under The Hyatt Prive' Program,Hyatt Regency,70,34,73/33,Hyatt Privé.,Hoteles Hyatt Regency | Solo5Estrellas,38,B,"Reserve 70 hoteles Hyatt Regency en 34 países con desayuno para dos, crédito de hotel y mejora de categoría, a la misma tarifa publicada.",137,Z39 programme in slug; Z42 count mismatch,Hyatt Regency Hotels under The Hyatt Prive' Program Preferred Partner | Official Excusive 
36,Sofitel Hotels under The Accor HERA Program,Sofitel,70,33,71/33,"Accor Hera, gestionado por Accor.",Hoteles Sofitel: beneficios exclusivos | Solo5Estrellas,55,A,"Reserve 70 hoteles Sofitel en 33 países con desayuno para dos, crédito de hotel y mejora de categoría, a la misma tarifa publicada.",131,Z37 programme name; Z39 programme in slug; Z42 count mismatch,Sofitel Hotels under The Accor HERA Program Preferred Partner | Official Excusive Perks | 
31,W Hotels under the Marriott Luminous Program,W Hotels,67,33,68/32,"Marriott Luminous, gestionado por Marriott International.",Hoteles W Hotels: beneficios exclusivos | Solo5Estrellas,56,A,"Reserve 67 hoteles W Hotels en 33 países con desayuno para dos, crédito de hotel y mejora de categoría, a la misma tarifa publicada.",132,Z39 programme in slug; Z42 count mismatch,W Hotels under the Marriott Luminous Program Preferred Partner | Official Excusive Perks |
16,St. Regis Hotels & Resorts under The Marriott STARS Program,St. Regis,58,29,58/28,"Marriott STARS, gestionado por Marriott International.",Hoteles St. Regis: beneficios exclusivos | Solo5Estrellas,57,A,"Reserve 58 hoteles St. Regis en 29 países con desayuno para dos, crédito de hotel y mejora de categoría, a la misma tarifa publicada.",133,Z39 programme in slug; Z42 count mismatch,St. Regis Hotels & Resorts under The Marriott STARS Program Preferred Partner | Official E
28,Grand Hyatt under The Hyatt Prive' Prorgam,Grand Hyatt,53,24,55/23,"Hyatt Privé, gestionado por Hyatt Hotels Corporation.",Hoteles Grand Hyatt: beneficios exclusivos | Solo5Estrellas,59,A,"Reserve 53 hoteles Grand Hyatt en 24 países con desayuno para dos, crédito de hotel y mejora de categoría, a la misma tarifa publicada.",135,Z39 programme in slug; Z42 count mismatch,Grand Hyatt under The Hyatt Prive' Prorgam Preferred Partner | Official Excusive Perks | S
17,Westin Hotels & Resorts under the Marriott Luminous Program,Westin,51,23,51/22,"Marriott Luminous, gestionado por Marriott International.",Hoteles Westin: beneficios exclusivos | Solo5Estrellas,54,A,"Reserve 51 hoteles Westin en 23 países con desayuno para dos, crédito de hotel y mejora de categoría, a la misma tarifa publicada.",130,Z39 programme in slug; Z42 count mismatch,Westin Hotels & Resorts under the Marriott Luminous Program Preferred Partner | Official E
8,Park Hyatt Hotels under The Hyatt PRIVE' Program,Park Hyatt,51,29,51/29,"Hyatt Privé, gestionado por Hyatt Hotels Corporation.",Hoteles Park Hyatt: beneficios exclusivos | Solo5Estrellas,58,A,"Reserve 51 hoteles Park Hyatt en 29 países con desayuno para dos, crédito de hotel y mejora de categoría, a la misma tarifa publicada.",134,Z39 programme in slug,Park Hyatt Hotels under The Hyatt PRIVE' Program Preferred Partner | Official Excusive Per
5,Mandarin Oriental,Mandarin Oriental,46,26,48/25,Mandarin Oriental Fan Club.,Hoteles Mandarin Oriental | Solo5Estrellas,42,B,"Reserve 46 hoteles Mandarin Oriental en 26 países con desayuno para dos, crédito de hotel y mejora de categoría, a la misma tarifa publicada.",141,Z42 count mismatch,Mandarin Oriental Preferred Partner | Official Excusive Perks | Solo 5 Estrellas por Lorra
80,Conrad Hotels & Resorts under The Hilton for Luxury Porgram,Conrad,43,23,44/23,"Hilton for Luxury, gestionado por Hilton.",Hoteles Conrad: beneficios exclusivos | Solo5Estrellas,54,A,"Reserve 43 hoteles Conrad en 23 países con desayuno para dos, crédito de hotel y mejora de categoría, a la misma tarifa publicada.",130,Z39 programme in slug; Z42 count mismatch,Conrad Hotels & Resorts under The Hilton for Luxury Porgram Preferred Partner | Official E
10,Rosewood Hotels & Resorts,Rosewood,41,23,43/23,Rosewood Elite.,Hoteles Rosewood: beneficios exclusivos | Solo5Estrellas,56,A,"Reserve 41 hoteles Rosewood en 23 países con desayuno para dos, crédito de hotel y mejora de categoría, a la misma tarifa publicada.",132,Z42 count mismatch,Rosewood Hotels & Resorts Preferred Partner | Official Excusive Perks | Solo 5 Estrellas p
33,Shangri-la Hotels under The Luxury Circle Program,Shangri-La,40,21,41/22,Shangri-La Luxury Circle.,Hoteles Shangri-La: beneficios exclusivos | Solo5Estrellas,58,A,"Reserve 40 hoteles Shangri-La en 21 países con desayuno para dos, crédito de hotel y mejora de categoría, a la misma tarifa publicada.",134,Z39 programme in slug; Z42 count mismatch,Shangri-la Hotels under The Luxury Circle Program Preferred Partner | Official Excusive Pe
45,Waldorf Astoria Hotels Under the Hilton for Luxury Program,Waldorf Astoria,39,20,39/20,"Hilton for Luxury, gestionado por Hilton.",Hoteles Waldorf Astoria | Solo5Estrellas,40,B,"Reserve 39 hoteles Waldorf Astoria en 20 países con desayuno para dos, crédito de hotel y mejora de categoría, a la misma tarifa publicada.",139,Z39 programme in slug,Waldorf Astoria Hotels Under the Hilton for Luxury Program Preferred Partner | Official Ex
62,Belmond Bellini Club,Belmond,33,16,33/15,Belmond Bellini Club.,Hoteles Belmond: beneficios exclusivos | Solo5Estrellas,55,A,"Reserve 33 hoteles Belmond en 16 países con desayuno para dos, crédito de hotel y mejora de categoría, a la misma tarifa publicada.",131,Z42 count mismatch,Belmond Bellini Club Preferred Partner | Official Excusive Perks | Solo 5 Estrellas por Lo
54,Andaz Hotels under the Hyatt Prive' Program,Andaz,29,17,28/17,"Hyatt Privé, gestionado por Hyatt Hotels Corporation.",Hoteles Andaz: beneficios exclusivos | Solo5Estrellas,53,A,"Reserve 29 hoteles Andaz en 17 países con desayuno para dos, crédito de hotel y mejora de categoría, a la misma tarifa publicada.",129,Z39 programme in slug; Z42 count mismatch,Andaz Hotels under the Hyatt Prive' Program Preferred Partner | Official Excusive Perks | 
70,Renaissance Hotels under The Marriott Luminous Program,Renaissance,29,16,29/15,"Marriott Luminous, gestionado por Marriott International.",Hoteles Renaissance: beneficios exclusivos | Solo5Estrellas,59,A,"Reserve 29 hoteles Renaissance en 16 países con desayuno para dos, crédito de hotel y mejora de categoría, a la misma tarifa publicada.",135,Z39 programme in slug; Z42 count mismatch,Renaissance Hotels under The Marriott Luminous Program Preferred Partner | Official Excusi
87,Kimpton Hotels under IHG's Destined Program,Kimpton,28,11,27/10,"IHG Destined, gestionado por IHG Hotels & Resorts.",Hoteles Kimpton: beneficios exclusivos | Solo5Estrellas,55,A,"Reserve 28 hoteles Kimpton en 11 países con desayuno para dos, crédito de hotel y mejora de categoría, a la misma tarifa publicada.",131,Z39 programme in slug; Z42 count mismatch,Kimpton Hotels under IHG's Destined Program Preferred Partner | Official Excusive Perks | 
12,Relais & Châteaux,Relais & Châteaux,27,14,27/13,Relais & Chateaux preferred partner program.,Hoteles Relais & Châteaux | Solo5Estrellas,42,B,"Reserve 27 hoteles Relais & Châteaux en 14 países con desayuno para dos, crédito de hotel y mejora de categoría, a la misma tarifa publicada.",141,Z42 count mismatch,Relais & Châteaux Preferred Partner | Official Excusive Perks | Solo 5 Estrellas por Lorra
90,Auberge Collection,Auberge Collection,25,8,25/7,Auberge Resorts Collection preferred partner program.,Hoteles Auberge Collection | Solo5Estrellas,43,B,"Reserve 25 hoteles Auberge Collection en 8 países con desayuno para dos, crédito de hotel y mejora de categoría, a la misma tarifa publicada.",141,Z42 count mismatch,Auberge Collection Preferred Partner | Official Excusive Perks | Solo 5 Estrellas por Lorr
32,Le Meridien,Le Méridien,24,14,25/13,"Marriott Luminous, gestionado por Marriott International.",Hoteles Le Méridien: beneficios exclusivos | Solo5Estrellas,59,A,"Reserve 24 hoteles Le Méridien en 14 países con desayuno para dos, crédito de hotel y mejora de categoría, a la misma tarifa publicada.",135,Z42 count mismatch,Le Meridien Preferred Partner | Official Excusive Perks | Solo 5 Estrellas por Lorraine Tr
65,The Unbound Collection under Hyatt Prive' Program,The Unbound Collection,24,10,24/9,"Hyatt Privé, gestionado por Hyatt Hotels Corporation.",Hoteles The Unbound Collection | Solo5Estrellas,47,B,"Reserve 24 hoteles The Unbound Collection en 10 países con desayuno para dos, crédito de hotel y mejora de categoría, a la misma tarifa publicada.",146,Z39 programme in slug; Z42 count mismatch,The Unbound Collection under Hyatt Prive' Program Preferred Partner | Official Excusive Pe
95,Six Senses Hotels & Resorts under IHG's Destined Program,Six Senses,24,20,24/19,"IHG Destined, gestionado por IHG Hotels & Resorts.",Hoteles Six Senses: beneficios exclusivos | Solo5Estrellas,58,A,"Reserve 24 hoteles Six Senses en 20 países con desayuno para dos, crédito de hotel y mejora de categoría, a la misma tarifa publicada.",134,Z39 programme in slug; Z42 count mismatch,Six Senses Hotels & Resorts under IHG's Destined Program Preferred Partner | Official Excu
86,Sheraton Hotels & Resorts under The Marriott Luminous Program,Sheraton,23,19,24/18,"Marriott Luminous, gestionado por Marriott International.",Hoteles Sheraton: beneficios exclusivos | Solo5Estrellas,56,A,"Reserve 23 hoteles Sheraton en 19 países con desayuno para dos, crédito de hotel y mejora de categoría, a la misma tarifa publicada.",132,Z39 programme in slug; Z42 count mismatch,Sheraton Hotels & Resorts under The Marriott Luminous Program Preferred Partner | Official
53,Jumeirah Hotels under The Jumeirah Passport to Luxury Program,Jumeirah,22,9,22/8,Jumeirah Passport to Luxury.,Hoteles Jumeirah: beneficios exclusivos | Solo5Estrellas,56,A,"Reserve 22 hoteles Jumeirah en 9 países con desayuno para dos, crédito de hotel y mejora de categoría, a la misma tarifa publicada.",131,Z39 programme in slug; Z42 count mismatch,Jumeirah Hotels under The Jumeirah Passport to Luxury Program Preferred Partner | Official
74,EDITION Hotels under The Marriott STARS Program,EDITION,22,12,22/11,"Marriott STARS, gestionado por Marriott International.",Hoteles EDITION: beneficios exclusivos | Solo5Estrellas,55,A,"Reserve 22 hoteles EDITION en 12 países con desayuno para dos, crédito de hotel y mejora de categoría, a la misma tarifa publicada.",131,Z39 programme in slug; Z42 count mismatch,EDITION Hotels under The Marriott STARS Program Preferred Partner | Official Excusive Perk
77,Hyatt Centric Hotels under The Hyatt Prive' Prorgram,Hyatt Centric,22,14,22/13,Hyatt Privé.,Hoteles Hyatt Centric | Solo5Estrellas,38,B,"Reserve 22 hoteles Hyatt Centric en 14 países con desayuno para dos, crédito de hotel y mejora de categoría, a la misma tarifa publicada.",137,Z39 programme in slug; Z42 count mismatch,Hyatt Centric Hotels under The Hyatt Prive' Prorgram Preferred Partner | Official Excusive
11,Raffles Hotels under The Accor HERA Program,Raffles,21,16,21/16,"Accor Hera, gestionado por Accor.",Hoteles Raffles: beneficios exclusivos | Solo5Estrellas,55,A,"Reserve 21 hoteles Raffles en 16 países con desayuno para dos, crédito de hotel y mejora de categoría, a la misma tarifa publicada.",131,Z37 programme name; Z39 programme in slug,Raffles Hotels under The Accor HERA Program Preferred Partner | Official Excusive Perks | 
73,Tribute Portfolio Hotels under the Marriott Luminous Program,Tribute Portfolio,21,11,21/10,"Marriott Luminous, gestionado por Marriott International.",Hoteles Tribute Portfolio | Solo5Estrellas,42,B,"Reserve 21 hoteles Tribute Portfolio en 11 países con desayuno para dos, crédito de hotel y mejora de categoría, a la misma tarifa publicada.",141,Z39 programme in slug; Z42 count mismatch,Tribute Portfolio Hotels under the Marriott Luminous Program Preferred Partner | Official 
21,Aman Hotels & Resorts,Aman,20,14,19/13,Aman preferred partner program.,Hoteles Aman: beneficios exclusivos | Solo5Estrellas,52,A,"Reserve 20 hoteles Aman en 14 países con desayuno para dos, crédito de hotel y mejora de categoría, a la misma tarifa publicada.",128,Z42 count mismatch,Aman Hotels & Resorts Preferred Partner | Official Excusive Perks | Solo 5 Estrellas por L
85,MGallery Hotels under Accor's HERA Program,MGallery,19,13,19/13,"Accor Hera, gestionado por Accor.",Hoteles MGallery: beneficios exclusivos | Solo5Estrellas,56,A,"Reserve 19 hoteles MGallery en 13 países con desayuno para dos, crédito de hotel y mejora de categoría, a la misma tarifa publicada.",132,Z37 programme name; Z39 programme in slug,MGallery Hotels under Accor's HERA Program Preferred Partner | Official Excusive Perks | S
78,ALiLa,Alila,18,8,18/8,"Hyatt Privé, gestionado por Hyatt Hotels Corporation.",Hoteles Alila: beneficios exclusivos | Solo5Estrellas,53,A,"Reserve 18 hoteles Alila en 8 países con desayuno para dos, crédito de hotel y mejora de categoría, a la misma tarifa publicada.",128,,ALiLa Preferred Partner | Official Excusive Perks | Solo 5 Estrellas por Lorraine Travel
4,Kempinski Hotels under The Kempinski Club 1897 Program,Kempinski,17,14,18/13,Kempinski Club 1897.,Hoteles Kempinski: beneficios exclusivos | Solo5Estrellas,57,A,"Reserve 17 hoteles Kempinski en 14 países con desayuno para dos, crédito de hotel y mejora de categoría, a la misma tarifa publicada.",133,Z39 programme in slug; Z42 count mismatch,Kempinski Hotels under The Kempinski Club 1897 Program Preferred Partner | Official Excusi
75,"Thompson Hotels, under Hyatt Prive' Prorgam",Thompson,16,5,16/4,"Hyatt Privé, gestionado por Hyatt Hotels Corporation.",Hoteles Thompson: beneficios exclusivos | Solo5Estrellas,56,A,"Reserve 16 hoteles Thompson en 5 países con desayuno para dos, crédito de hotel y mejora de categoría, a la misma tarifa publicada.",131,Z39 programme in slug; Z42 count mismatch,"Thompson Hotels, under Hyatt Prive' Prorgam Preferred Partner | Official Excusive Perks | "
3,One & Only,One&Only,14,9,14/9,"One&Only preferred partner program, gestionado por Kerzner International.",Hoteles One&Only: beneficios exclusivos | Solo5Estrellas,56,A,"Reserve 14 hoteles One&Only en 9 países con desayuno para dos, crédito de hotel y mejora de categoría, a la misma tarifa publicada.",131,,One & Only Preferred Partner | Official Excusive Perks | Solo 5 Estrellas por Lorraine Tra
14,Rocco Forte Hotels,Rocco Forte,13,5,14/5,Rocco Forte preferred partner program.,Hoteles Rocco Forte: beneficios exclusivos | Solo5Estrellas,59,A,"Reserve 13 hoteles Rocco Forte en 5 países con desayuno para dos, crédito de hotel y mejora de categoría, a la misma tarifa publicada.",134,Z42 count mismatch,Rocco Forte Hotels Preferred Partner | Official Excusive Perks | Solo 5 Estrellas por Lorr
96,Hotel Indigo under IHG'S Destined Program,Hotel Indigo,13,8,13/8,"IHG Destined, gestionado por IHG Hotels & Resorts.",Hoteles Hotel Indigo: beneficios exclusivos | Solo5Estrellas,60,A,"Reserve 13 hoteles Hotel Indigo en 8 países con desayuno para dos, crédito de hotel y mejora de categoría, a la misma tarifa publicada.",135,Z39 programme in slug,Hotel Indigo under IHG'S Destined Program Preferred Partner | Official Excusive Perks | So
9,Peninsula Hotels under the Peninsula Pen Club Program,Peninsula,12,8,12/8,"Peninsula PenClub, gestionado por The Peninsula Hotels.",Hoteles Peninsula: beneficios exclusivos | Solo5Estrellas,57,A,"Reserve 12 hoteles Peninsula en 8 países con desayuno para dos, crédito de hotel y mejora de categoría, a la misma tarifa publicada.",132,Z39 programme in slug,Peninsula Hotels under the Peninsula Pen Club Program Preferred Partner | Official Excusiv
26,Taj Hotels,Taj,12,6,12/6,,Hoteles Taj: beneficios exclusivos | Solo5Estrellas,51,A,"Reserve 12 hoteles Taj en 6 países con desayuno para dos, crédito de hotel y mejora de categoría, a la misma tarifa publicada.",126,,Taj Hotels Preferred Partner | Official Excusive Perks | Solo 5 Estrellas por Lorraine Tra
30,Langham Hotels under Langham's Couture Program,The Langham,12,7,12/7,Langham Couture.,Hoteles The Langham: beneficios exclusivos | Solo5Estrellas,59,A,"Reserve 12 hoteles The Langham en 7 países con desayuno para dos, crédito de hotel y mejora de categoría, a la misma tarifa publicada.",134,Z39 programme in slug,Langham Hotels under Langham's Couture Program Preferred Partner | Official Excusive Perks
9,Peninsula Hotels under the Peninsula Pen Club Program,Peninsula,12,8,12/8,"Peninsula PenClub, gestionado por The Peninsula Hotels.",Hoteles Peninsula: beneficios exclusivos | Solo5Estrellas,57,A,"Reserve 12 hoteles Peninsula en 8 países con desayuno para dos, crédito de hotel y mejora de categoría, a la misma tarifa publicada.",132,Z39 programme in slug,Peninsula Hotels under the Peninsula Pen Club Program Preferred Partner | Official Excusiv
88,Banyan Tree ,Banyan Tree,11,8,11/8,"Accor Hera, gestionado por Accor.",Hoteles Banyan Tree: beneficios exclusivos | Solo5Estrellas,59,A,"Reserve 11 hoteles Banyan Tree en 8 países con desayuno para dos, crédito de hotel y mejora de categoría, a la misma tarifa publicada.",134,Z37 programme name,Banyan Tree  Preferred Partner | Official Excusive Perks | Solo 5 Estrellas por Lorraine T
81,LXR,LXR,10,8,10/7,"Hilton for Luxury, gestionado por Hilton.",Hoteles LXR: beneficios exclusivos | Solo5Estrellas,51,A,"Reserve 10 hoteles LXR en 8 países con desayuno para dos, crédito de hotel y mejora de categoría, a la misma tarifa publicada.",126,Z42 count mismatch,LXR Preferred Partner | Official Excusive Perks | Solo 5 Estrellas por Lorraine Travel
89,1 Hotel,1,10,4,10/4,"1 Hotels preferred partner program, gestionado por SH Hotels & Resorts.",Hoteles 1: beneficios exclusivos | Solo5Estrellas,49,A,"Reserve 10 hoteles 1 en 4 países con desayuno para dos, crédito de hotel y mejora de categoría, a la misma tarifa publicada.",124,,1 Hotel Preferred Partner | Official Excusive Perks | Solo 5 Estrellas por Lorraine Travel
94,Regent Hotels,Regent,10,7,10/7,"IHG Destined, gestionado por IHG Hotels & Resorts.",Hoteles Regent: beneficios exclusivos | Solo5Estrellas,54,A,"Reserve 10 hoteles Regent en 7 países con desayuno para dos, crédito de hotel y mejora de categoría, a la misma tarifa publicada.",129,,Regent Hotels Preferred Partner | Official Excusive Perks | Solo 5 Estrellas por Lorraine 
71,Bvlgari under The Marriott STARS Program,Bulgari,9,7,9/7,"Marriott STARS, gestionado por Marriott International.",Hoteles Bulgari: beneficios exclusivos | Solo5Estrellas,55,A,"Reserve 9 hoteles Bulgari en 7 países con desayuno para dos, crédito de hotel y mejora de categoría, a la misma tarifa publicada.",129,Z39 programme in slug,Bvlgari under The Marriott STARS Program Preferred Partner | Official Excusive Perks | Sol
92,SLS Hotels & Resorts under Accor HERA Program,SLS,7,6,7/5,"Accor Hera, gestionado por Accor.",Hoteles SLS: beneficios exclusivos | Solo5Estrellas,51,A,"Reserve 7 hoteles SLS en 6 países con desayuno para dos, crédito de hotel y mejora de categoría, a la misma tarifa publicada.",125,Z37 programme name; Z39 programme in slug; Z42 count mismatch,SLS Hotels & Resorts under Accor HERA Program Preferred Partner | Official Excusive Perks 
37,The Dorchester Collection Hotels under The Diamond Club Program,The Dorchester Collection,6,5,9/5,Dorchester Collection Diamond Club.,Hoteles The Dorchester Collection | Solo5Estrellas,50,B,"Reserve 6 hoteles The Dorchester Collection en 5 países con desayuno para dos, crédito de hotel y mejora de categoría, a la misma tarifa publicada.",147,Z39 programme in slug; Z42 count mismatch,The Dorchester Collection Hotels under The Diamond Club Program Preferred Partner | Offici
93,Montage Hotels & Resorts,Montage,6,2,6/2,Montage preferred partner program.,Hoteles Montage: beneficios exclusivos | Solo5Estrellas,55,A,"Reserve 6 hoteles Montage en 2 países con desayuno para dos, crédito de hotel y mejora de categoría, a la misma tarifa publicada.",129,,Montage Hotels & Resorts Preferred Partner | Official Excusive Perks | Solo 5 Estrellas po
42,Trump Hotels & Resorts under the Trump Elite Program,Trump,5,2,5/2,Trump Elite.,Hoteles Trump: beneficios exclusivos | Solo5Estrellas,53,A,"Reserve 5 hoteles Trump en 2 países con desayuno para dos, crédito de hotel y mejora de categoría, a la misma tarifa publicada.",127,Z39 programme in slug,Trump Hotels & Resorts under the Trump Elite Program Preferred Partner | Official Excusive
6,Oberoi Hotels & Resorts ,Oberoi,4,2,4/2,"Oberoi preferred partner program, gestionado por The Oberoi Group.",Hoteles Oberoi: beneficios exclusivos | Solo5Estrellas,54,A,"Reserve 4 hoteles Oberoi en 2 países con desayuno para dos, crédito de hotel y mejora de categoría, a la misma tarifa publicada.",128,,Oberoi Hotels & Resorts  Preferred Partner | Official Excusive Perks | Solo 5 Estrellas po
63,Oetker Collection,Oetker Collection,3,3,4/3,Oetker Collection preferred partner program.,Hoteles Oetker Collection | Solo5Estrellas,42,B,"Reserve 3 hoteles Oetker Collection en 3 países con desayuno para dos, crédito de hotel y mejora de categoría, a la misma tarifa publicada.",139,Z42 count mismatch,Oetker Collection Preferred Partner | Official Excusive Perks | Solo 5 Estrellas por Lorra
